"","std.dose","s1.pt","s1.pe","d.u","Tp","Rp","DLT","Efficacy","expt","sname","design","aver.samplesize"
"1",0.2,0.03,0.08,-0.01,42.389234480132,17.6,0.203630823917735,0.0533665261982153,10.0606913854721,"EWOUC","complete",23.631
"2",0.4,0.07,0.3,0.1,57.0394820363082,7.9,0.203630823917735,0.0533665261982153,10.0606913854721,"EWOUC","complete",23.631
"3",0.6,0.14,0.68,0.25,0.571283483559731,NA,0.203630823917735,0.0533665261982153,10.0606913854721,"EWOUC","complete",23.631
"4",0.8,0.28,0.91,0.07,NA,NA,0.203630823917735,0.0533665261982153,10.0606913854721,"EWOUC","complete",23.631
"5",1,0.48,0.98,-0.45,NA,NA,0.203630823917735,0.0533665261982153,10.0606913854721,"EWOUC","complete",23.631
